Query_ID	Target_ID	Optimal_offset	p-value	E-value	q-value	Overlap	Query_consensus	Target_consensus	Orientation
AHR_MOUSE.H11MO.0.B	3	-3	0.0994493	0.298348	0.337223	6	GTTGCGTGC	GGGTGGG	-
AHR_MOUSE.H11MO.0.B	1	-3	0.112408	0.337223	0.337223	6	GTTGCGTGC	GGGTGGG	-
ANDR_MOUSE.H11MO.0.A	2	-6	0.0617597	0.185279	0.370558	7	GGAACACTCTGTTCCT	CTTTGTT	+
ANDR_MOUSE.H11MO.1.A	2	-1	0.00758632	0.022759	0.0455179	7	ACTGTGTTCTTT	CTTTGTT	+
ARI3A_MOUSE.H11MO.0.D	2	-1	0.0784108	0.235232	0.470465	7	AATTAATCGAAATCAAATTAAA	AACAAAG	-
ARI5B_MOUSE.H11MO.0.C	2	-3	0.0615106	0.184532	0.369064	7	GGTTAGTATTGTG	CTTTGTT	+
ARNT2_MOUSE.H11MO.0.D	3	-1	0.0202978	0.0608935	0.121787	7	GGCGTGGGAGGC	GGGTGGG	-
ARNT2_MOUSE.H11MO.0.D	1	-1	0.0506729	0.152019	0.152019	7	GGCGTGGGAGGC	GGGTGGG	-
BARX1_MOUSE.H11MO.0.C	2	-3	0.0548826	0.164648	0.329296	7	TTTAATTGTTTT	CTTTGTT	+
BRCA1_MOUSE.H11MO.0.D	2	-1	0.0445491	0.133647	0.267294	7	TTTGGGTTG	CTTTGTT	+
BRCA1_MOUSE.H11MO.0.D	3	-3	0.089568	0.268704	0.268704	6	TTTGGGTTG	GGGTGGG	-
CDC5L_MOUSE.H11MO.0.D	2	-7	0.070736	0.212208	0.424416	7	GTGATTTAACATAAT	AACAAAG	-
CDX2_MOUSE.H11MO.0.A	2	0	0.0182972	0.0548916	0.109783	7	TTTTATGGCCTT	CTTTGTT	+
CTCFL_MOUSE.H11MO.0.A	3	-7	0.0888837	0.266651	0.490376	7	GCCGCCAGGGGGCGCTGC	GGGTGGG	-
CTCFL_MOUSE.H11MO.0.A	1	-7	0.163459	0.490376	0.490376	7	GCCGCCAGGGGGCGCTGC	GGGTGGG	-
CUX2_MOUSE.H11MO.0.C	2	-2	0.00604101	0.018123	0.036246	7	AAATCAATGAA	AACAAAG	-
CXXC1_MOUSE.H11MO.0.D	1	0	0.0793546	0.238064	0.385566	7	CGTTGGC	GGGTGGG	-
CXXC1_MOUSE.H11MO.0.D	3	0	0.128522	0.385566	0.385566	7	CGTTGGC	GGGTGGG	-
CXXC1_MOUSE.H11MO.0.D	2	0	0.217731	0.653194	0.435463	7	CGTTGGC	CTTTGTT	+
DLX2_MOUSE.H11MO.0.D	2	1	0.0433965	0.13019	0.260379	6	ATAATTAT	CTTTGTT	+
DMRT1_MOUSE.H11MO.0.C	2	-4	0.00113179	0.00339538	0.00679076	7	TTGATACAATGTAGCAA	AACAAAG	-
DMRTB_MOUSE.H11MO.0.C	2	-6	0.00278958	0.00836873	0.0167375	7	TTGCTACATTGTATCC	CTTTGTT	+
E2F1_MOUSE.H11MO.0.A	3	-2	0.0107244	0.0321733	0.0528438	7	GAGGGCGGGAAA	GGGTGGG	-
E2F1_MOUSE.H11MO.0.A	1	-2	0.0176146	0.0528438	0.0528438	7	GAGGGCGGGAAA	GGGTGGG	-
E2F3_MOUSE.H11MO.0.A	3	0	0.0403063	0.120919	0.180188	7	GGGCGGGAGG	GGGTGGG	-
E2F3_MOUSE.H11MO.0.A	1	0	0.0600626	0.180188	0.180188	7	GGGCGGGAGG	GGGTGGG	-
E2F4_MOUSE.H11MO.0.A	3	-3	0.0103033	0.0309098	0.0489369	7	AGGGGGCGGGAAAT	GGGTGGG	-
E2F4_MOUSE.H11MO.0.A	1	-3	0.0163123	0.0489369	0.0489369	7	AGGGGGCGGGAAAT	GGGTGGG	-
E2F4_MOUSE.H11MO.1.A	3	1	0.0816416	0.244925	0.395951	6	GGCGGGAAATTTGA	GGGTGGG	-
E2F4_MOUSE.H11MO.1.A	1	1	0.131984	0.395951	0.395951	6	GGCGGGAAATTTGA	GGGTGGG	-
E2F6_MOUSE.H11MO.0.A	3	-1	0.0309484	0.0928451	0.18569	7	TGGGCGGGAAGG	GGGTGGG	-
E2F6_MOUSE.H11MO.0.A	1	-1	0.0683069	0.204921	0.204921	7	TGGGCGGGAAGG	GGGTGGG	-
E2F7_MOUSE.H11MO.0.C	3	-1	0.0251187	0.0753562	0.124046	7	GGGGCGGGAAAGG	GGGTGGG	-
E2F7_MOUSE.H11MO.0.C	1	-1	0.0413485	0.124046	0.124046	7	GGGGCGGGAAAGG	GGGTGGG	-
EGR1_MOUSE.H11MO.0.A	1	-6	0.00209228	0.00627683	0.00627683	7	GTGCGGGGGCGGGG	GGGTGGG	-
EGR1_MOUSE.H11MO.0.A	3	-6	0.00209228	0.00627683	0.00627683	7	GTGCGGGGGCGGGG	GGGTGGG	-
EGR2_MOUSE.H11MO.0.A	1	-5	0.000534639	0.00160392	0.00160392	7	GGCGTGGGCGGGGG	GGGTGGG	-
EGR2_MOUSE.H11MO.0.A	3	-5	0.000534639	0.00160392	0.00160392	7	GGCGTGGGCGGGGG	GGGTGGG	-
EGR2_MOUSE.H11MO.1.A	1	-6	0.000510654	0.00153196	0.00300517	7	GGGCGTGGGAGGGGGGGG	GGGTGGG	-
EGR2_MOUSE.H11MO.1.A	3	-6	0.00100172	0.00300517	0.00300517	7	GGGCGTGGGAGGGGGGGG	GGGTGGG	-
EGR3_MOUSE.H11MO.0.D	3	-1	0.00540304	0.0162091	0.0324182	7	AGAGTGGGTGT	GGGTGGG	-
EGR3_MOUSE.H11MO.0.D	1	-1	0.0165921	0.0497764	0.0497764	7	AGAGTGGGTGT	GGGTGGG	-
EGR4_MOUSE.H11MO.0.D	3	-3	0.0160814	0.0482443	0.0964887	7	GGCGGCAGGGC	GGGTGGG	-
EGR4_MOUSE.H11MO.0.D	1	-2	0.113858	0.341573	0.341573	7	GGCGGCAGGGC	GGGTGGG	-
ETS1_MOUSE.H11MO.0.A	1	-6	0.0794801	0.23844	0.262319	7	GGGACAGGAAGTGG	GGGTGGG	-
ETS1_MOUSE.H11MO.0.A	3	-6	0.0874397	0.262319	0.262319	7	GGGACAGGAAGTGG	GGGTGGG	-
EVX2_MOUSE.H11MO.0.A	2	0	0.0183827	0.0551481	0.110296	7	TTTTATTGCTTT	CTTTGTT	+
FLI1_MOUSE.H11MO.1.A	3	-8	0.148223	0.444669	0.462454	7	GGGAGGCAGGAAGGGGGGG	GGGTGGG	-
FLI1_MOUSE.H11MO.1.A	1	-8	0.154151	0.462454	0.462454	7	GGGAGGCAGGAAGGGGGGG	GGGTGGG	-
FOXA1_MOUSE.H11MO.0.A	2	3	0.0363474	0.109042	0.218085	4	TGTTTACATA	CTTTGTT	+
FOXA2_MOUSE.H11MO.0.A	2	0	0.0104133	0.0312398	0.0624795	7	CCTTGTTTACTTT	CTTTGTT	+
FOXA3_MOUSE.H11MO.0.A	2	1	0.0205047	0.0615141	0.123028	6	CTTGTTTACTTTG	CTTTGTT	+
FOXC1_MOUSE.H11MO.0.C	2	0	0.00235666	0.00706998	0.01414	7	CGTTGTTTACTTAAG	CTTTGTT	+
FOXC2_MOUSE.H11MO.0.D	2	0	0.000167075	0.000501224	0.00100245	7	GTTTGTTTTGCCAGA	CTTTGTT	+
FOXD1_MOUSE.H11MO.0.D	2	0	0.00620132	0.0186039	0.0372079	7	CTTTGTTTACTTAAG	CTTTGTT	+
FOXD3_MOUSE.H11MO.0.C	2	1	0.0134759	0.0404278	0.0808555	6	TTTGTTTACTTAGCA	CTTTGTT	+
FOXF1_MOUSE.H11MO.0.D	2	-2	0.0236582	0.0709745	0.141949	7	ATGTTTATTTT	CTTTGTT	+
FOXF2_MOUSE.H11MO.0.D	2	3	0.0341259	0.102378	0.204755	4	TGTTTACTTTT	CTTTGTT	+
FOXJ2_MOUSE.H11MO.0.C	2	-1	0.0069585	0.0208755	0.041751	7	TGTTTATTTA	CTTTGTT	+
FOXJ3_MOUSE.H11MO.0.A	2	2	0.00865225	0.0259568	0.0519135	5	TTGTTTATTTTTT	CTTTGTT	+
FOXJ3_MOUSE.H11MO.1.B	2	-4	0.000503083	0.00150925	0.0030185	7	TTGTTTTTGTTTA	CTTTGTT	+
FOXK1_MOUSE.H11MO.0.A	2	1	0.0115833	0.0347498	0.0694996	6	CTTGTTTACAT	CTTTGTT	+
FOXL2_MOUSE.H11MO.0.C	2	3	0.01175	0.0352501	0.0705001	4	TGTTTACATTT	CTTTGTT	+
FOXM1_MOUSE.H11MO.0.B	2	3	0.077405	0.232215	0.46443	4	TGTTTGCTTTGC	CTTTGTT	+
FOXO1_MOUSE.H11MO.0.A	2	0	0.00726529	0.0217959	0.0435918	7	GCCTGTTTAC	CTTTGTT	+
FOXO3_MOUSE.H11MO.0.B	2	1	0.019928	0.0597841	0.119568	6	CCTGTTTACA	CTTTGTT	+
FOXO4_MOUSE.H11MO.0.C	2	2	0.000986479	0.00295944	0.00591887	5	TTGTTTATT	CTTTGTT	+
FOXP2_MOUSE.H11MO.0.A	2	2	0.0185924	0.0557773	0.111555	5	TTGTTTACT	CTTTGTT	+
FOXP3_MOUSE.H11MO.0.D	2	-1	0.0212429	0.0637287	0.127457	7	AATTTGTTT	CTTTGTT	+
FOXQ1_MOUSE.H11MO.0.C	2	0	0.00121811	0.00365434	0.00730869	7	TATTGTTTATTT	CTTTGTT	+
FUBP1_MOUSE.H11MO.0.D	2	-5	0.0357067	0.10712	0.21424	7	TTGTGTTTTTTT	CTTTGTT	+
GCR_MOUSE.H11MO.1.A	2	-4	0.00516125	0.0154837	0.0309675	7	AAAGAACAGAAT	AACAAAG	-
GFI1B_MOUSE.H11MO.0.A	2	-1	0.0195017	0.0585052	0.11701	7	GCTGTGATTT	CTTTGTT	+
GFI1_MOUSE.H11MO.0.C	2	-1	0.0673662	0.202099	0.404197	7	GCTGTGATTT	CTTTGTT	+
GLI1_MOUSE.H11MO.0.C	3	-3	0.00196311	0.00588933	0.0117787	7	CCTGGGTGGTCT	GGGTGGG	-
GLI1_MOUSE.H11MO.0.C	1	-3	0.00839554	0.0251866	0.0251866	7	CCTGGGTGGTCT	GGGTGGG	-
GLI2_MOUSE.H11MO.0.D	3	-2	0.00815003	0.0244501	0.0489001	7	GTGGGTGGTCT	GGGTGGG	-
GLI2_MOUSE.H11MO.0.D	1	-2	0.0195324	0.0585973	0.0585973	7	GTGGGTGGTCT	GGGTGGG	-
GLI3_MOUSE.H11MO.0.D	3	-3	0.00226294	0.00678882	0.0135776	7	CCTGGGTGGTCT	GGGTGGG	-
GLI3_MOUSE.H11MO.0.D	1	-3	0.00629634	0.018889	0.018889	7	CCTGGGTGGTCT	GGGTGGG	-
GLIS3_MOUSE.H11MO.0.D	3	-2	0.0260112	0.0780336	0.105676	7	GTGGGGGGTA	GGGTGGG	-
GLIS3_MOUSE.H11MO.0.D	1	-2	0.0352254	0.105676	0.105676	7	GTGGGGGGTA	GGGTGGG	-
HBP1_MOUSE.H11MO.0.D	2	-3	0.0238895	0.0716685	0.143337	6	ATTCATTGA	CTTTGTT	+
HMGA1_MOUSE.H11MO.0.D	2	-1	0.035249	0.105747	0.211494	6	GTATTTT	CTTTGTT	+
HNF4G_MOUSE.H11MO.0.C	2	-3	0.0365182	0.109555	0.219109	7	GAGTCCAAAGTCCA	AACAAAG	-
HNF6_MOUSE.H11MO.0.A	2	-2	0.00779026	0.0233708	0.0467416	7	TTTATTGATTT	CTTTGTT	+
HTF4_MOUSE.H11MO.0.A	1	-3	0.0104094	0.0312283	0.0449227	7	AGCAGGTGGG	GGGTGGG	-
HTF4_MOUSE.H11MO.0.A	3	-3	0.0149742	0.0449227	0.0449227	7	AGCAGGTGGG	GGGTGGG	-
HXA10_MOUSE.H11MO.0.C	2	-4	0.0653294	0.195988	0.391976	7	GATAATTTATGA	CTTTGTT	+
HXA13_MOUSE.H11MO.0.C	2	-2	0.0247608	0.0742823	0.148565	7	GGTTTTATTGG	CTTTGTT	+
HXA5_MOUSE.H11MO.0.D	2	-2	0.105474	0.316423	0.365227	7	TTGATTAATG	CTTTGTT	+
HXB1_MOUSE.H11MO.0.D	3	-4	0.0685499	0.20565	0.411299	6	TGATGGATGG	GGGTGGG	-
HXB1_MOUSE.H11MO.0.D	2	-1	0.186854	0.560563	0.468086	7	TGATGGATGG	CTTTGTT	+
HXB1_MOUSE.H11MO.0.D	1	-4	0.234043	0.702129	0.468086	6	TGATGGATGG	GGGTGGG	-
HXB6_MOUSE.H11MO.0.D	2	-3	0.0786796	0.236039	0.472078	7	AATGATTGATGCA	CTTTGTT	+
HXB7_MOUSE.H11MO.0.C	2	1	0.0751906	0.225572	0.451143	6	TTGATTAATG	CTTTGTT	+
HXC6_MOUSE.H11MO.0.D	2	-3	0.0440006	0.132002	0.264003	7	ATGATTTATTACTTT	CTTTGTT	+
HXC8_MOUSE.H11MO.0.D	2	1	0.114777	0.344332	0.384675	6	TTTGATTGATGCCC	CTTTGTT	+
HXD10_MOUSE.H11MO.0.D	2	-2	0.0187796	0.0563388	0.112678	7	TGCTTTAATT	CTTTGTT	+
HXD13_MOUSE.H11MO.0.D	2	1	0.0221642	0.0664926	0.132985	6	TTTATTAGGGA	CTTTGTT	+
HXD4_MOUSE.H11MO.0.D	2	1	0.0291522	0.0874567	0.174913	6	TTAATTGA	CTTTGTT	+
HXD9_MOUSE.H11MO.0.D	2	-2	0.0483678	0.145103	0.290207	7	AATTTTATGA	CTTTGTT	+
IKZF1_MOUSE.H11MO.0.C	3	2	0.066707	0.200121	0.254915	5	TTGGGAGA	GGGTGGG	-
IKZF1_MOUSE.H11MO.0.C	1	-2	0.0849716	0.254915	0.254915	6	TTGGGAGA	GGGTGGG	-
ITF2_MOUSE.H11MO.0.B	1	-2	0.0321893	0.0965678	0.193136	7	CCAGGTGCA	GGGTGGG	-
ITF2_MOUSE.H11MO.0.B	3	-2	0.102681	0.308043	0.308043	7	CCAGGTGCA	GGGTGGG	-
KLF15_MOUSE.H11MO.0.A	1	-1	0.00307123	0.0092137	0.0184274	7	GGGGAGGAGCAGGGGGGGG	GGGTGGG	-
KLF15_MOUSE.H11MO.0.A	3	-1	0.00691392	0.0207417	0.0207417	7	GGGGAGGAGCAGGGGGGGG	GGGTGGG	-
KLF1_MOUSE.H11MO.0.A	1	-1	3.1511e-05	9.45329e-05	0.000189066	7	AGGGTGGGGCCGGG	GGGTGGG	-
KLF1_MOUSE.H11MO.0.A	3	-1	0.000277021	0.000831063	0.000831063	7	AGGGTGGGGCCGGG	GGGTGGG	-
KLF3_MOUSE.H11MO.0.A	1	-6	0.0004609	0.0013827	0.00178378	7	GGGGAGGGGCGGGGCCGGG	GGGTGGG	-
KLF3_MOUSE.H11MO.0.A	3	-6	0.000594592	0.00178378	0.00178378	7	GGGGAGGGGCGGGGCCGGG	GGGTGGG	-
KLF4_MOUSE.H11MO.0.A	1	-6	3.88836e-06	1.16651e-05	2.33301e-05	7	TGGAGTGGGTGTGGC	GGGTGGG	-
KLF4_MOUSE.H11MO.0.A	3	-6	2.50667e-05	7.52002e-05	7.52002e-05	7	TGGAGTGGGTGTGGC	GGGTGGG	-
KLF5_MOUSE.H11MO.0.A	3	-6	4.51648e-05	0.000135494	0.000166263	7	GGGGCAGGGTGGGGC	GGGTGGG	-
KLF5_MOUSE.H11MO.0.A	1	-6	5.5421e-05	0.000166263	0.000166263	7	GGGGCAGGGTGGGGC	GGGTGGG	-
KLF6_MOUSE.H11MO.0.B	3	-4	0.000196024	0.000588073	0.000804819	7	GGAAGGGCGGGGCCGGGGG	GGGTGGG	-
KLF6_MOUSE.H11MO.0.B	1	-4	0.000268273	0.000804819	0.000804819	7	GGAAGGGCGGGGCCGGGGG	GGGTGGG	-
KLF8_MOUSE.H11MO.0.C	1	-2	0.00497321	0.0149196	0.0298393	7	CAGGGGGTG	GGGTGGG	-
KLF8_MOUSE.H11MO.0.C	3	-2	0.0172623	0.051787	0.051787	7	CAGGGGGTG	GGGTGGG	-
LEF1_MOUSE.H11MO.0.B	2	-2	0.00310834	0.00932503	0.0186501	7	TCCTTTGATTTGCT	CTTTGTT	+
MAFG_MOUSE.H11MO.1.A	3	0	0.106941	0.320824	0.42255	7	TGCTGAGT	GGGTGGG	-
MAFG_MOUSE.H11MO.1.A	1	0	0.14085	0.42255	0.42255	7	TGCTGAGT	GGGTGGG	-
MAZ_MOUSE.H11MO.0.A	1	-2	0.00261304	0.00783913	0.00917996	7	GGGGGAGGGGGGGGGGGGGGGG	GGGTGGG	-
MAZ_MOUSE.H11MO.0.A	3	-2	0.00305999	0.00917996	0.00917996	7	GGGGGAGGGGGGGGGGGGGGGG	GGGTGGG	-
MAZ_MOUSE.H11MO.1.A	3	-2	0.00139	0.00416999	0.00833998	7	GAGGGAGGGGG	GGGTGGG	-
MAZ_MOUSE.H11MO.1.A	1	-2	0.00291362	0.00874086	0.00874086	7	GAGGGAGGGGG	GGGTGGG	-
MEF2A_MOUSE.H11MO.0.A	2	-3	0.0388758	0.116627	0.233255	7	TTCTATTTTTAGCA	CTTTGTT	+
MEF2C_MOUSE.H11MO.0.A	2	-4	0.047213	0.141639	0.283278	7	GTTCTATTTTTAGCT	CTTTGTT	+
MEF2D_MOUSE.H11MO.0.A	2	-3	0.0546331	0.163899	0.327799	7	TGCTATTTTTAGCT	CTTTGTT	+
MSX3_MOUSE.H11MO.0.D	2	-9	0.0733853	0.220156	0.440312	7	TAATTGGTTTTTAATTG	CTTTGTT	+
NANOG_MOUSE.H11MO.0.A	2	-2	0.00017626	0.000528781	0.00105756	7	TCCTTTGTTATGCAAAT	CTTTGTT	+
NFYA_MOUSE.H11MO.0.A	2	-3	0.0807021	0.242106	0.484213	7	TCAGCCAATCAGAA	AACAAAG	-
NKX21_MOUSE.H11MO.0.A	1	-4	0.0463431	0.139029	0.146726	6	TCTTGAGTGG	GGGTGGG	-
NKX21_MOUSE.H11MO.0.A	3	-4	0.0489087	0.146726	0.146726	6	TCTTGAGTGG	GGGTGGG	-
NKX22_MOUSE.H11MO.0.A	1	-3	0.0320434	0.0961302	0.19226	7	CTGGAGTGGCT	GGGTGGG	-
NKX22_MOUSE.H11MO.0.A	3	-3	0.153056	0.459169	0.459169	7	CTGGAGTGGCT	GGGTGGG	-
NKX25_MOUSE.H11MO.0.A	1	-4	0.022496	0.067488	0.134976	6	TCTGGAGTGG	GGGTGGG	-
NKX25_MOUSE.H11MO.0.A	3	-4	0.0603401	0.18102	0.18102	6	TCTGGAGTGG	GGGTGGG	-
NKX61_MOUSE.H11MO.1.A	2	0	0.0487083	0.146125	0.29225	7	ATTAATGAA	AACAAAG	-
NR0B1_MOUSE.H11MO.0.D	3	0	0.0133047	0.0399142	0.0615577	7	GCGTGGGAGA	GGGTGGG	-
NR0B1_MOUSE.H11MO.0.D	1	0	0.0205192	0.0615577	0.0615577	7	GCGTGGGAGA	GGGTGGG	-
NR1D1_MOUSE.H11MO.0.A	1	-8	0.0795457	0.238637	0.448179	7	AGGGAAGTGGGTCAGAAGG	GGGTGGG	-
NR1D1_MOUSE.H11MO.0.A	3	-4	0.149393	0.448179	0.448179	7	AGGGAAGTGGGTCAGAAGG	GGGTGGG	-
NR2F6_MOUSE.H11MO.0.D	2	-2	0.0183515	0.0550545	0.110109	7	AGGACAAAGTTCACTTGA	AACAAAG	-
PAX3_MOUSE.H11MO.0.D	2	-4	0.0763888	0.229166	0.458333	7	GGCTAATTGATTA	CTTTGTT	+
PO5F1_MOUSE.H11MO.0.A	2	-1	0.0133901	0.0401703	0.0803406	7	CCATTGTTATGCAAAT	CTTTGTT	+
PRDM5_MOUSE.H11MO.0.A	1	-2	0.0251534	0.0754603	0.150921	7	CCTGGAGAGCAGGGT	GGGTGGG	-
PRDM5_MOUSE.H11MO.0.A	3	-2	0.0874329	0.262299	0.262299	7	CCTGGAGAGCAGGGT	GGGTGGG	-
PRDM5_MOUSE.H11MO.1.A	1	-2	0.0480879	0.144264	0.288527	7	CCTGGAGAA	GGGTGGG	-
PRDM5_MOUSE.H11MO.1.A	3	-2	0.114895	0.344686	0.344686	7	CCTGGAGAA	GGGTGGG	-
PRGR_MOUSE.H11MO.0.A	2	-2	0.0400706	0.120212	0.240424	7	AGAACAGAATGTTCT	AACAAAG	-
PRRX2_MOUSE.H11MO.0.C	2	1	0.0638437	0.191531	0.383062	6	TTAATTG	CTTTGTT	+
PURA_MOUSE.H11MO.0.D	3	-5	0.00537309	0.0161193	0.0322385	7	GGAAGGGGGGGGCAGGG	GGGTGGG	-
PURA_MOUSE.H11MO.0.D	1	-5	0.0205753	0.0617259	0.0617259	7	GGAAGGGGGGGGCAGGG	GGGTGGG	-
RREB1_MOUSE.H11MO.0.D	1	-8	0.00479302	0.014379	0.0170798	7	GGGGGGGGGGGTGGTTTGGGGT	GGGTGGG	-
RREB1_MOUSE.H11MO.0.D	3	-8	0.00569325	0.0170798	0.0170798	7	GGGGGGGGGGGTGGTTTGGGGT	GGGTGGG	-
RUNX2_MOUSE.H11MO.0.A	2	-2	0.132488	0.397464	0.489273	7	GTCTGTGGTTTG	CTTTGTT	+
RUNX2_MOUSE.H11MO.0.A	3	-2	0.185905	0.557715	0.489273	7	GTCTGTGGTTTG	GGGTGGG	-
RUNX2_MOUSE.H11MO.0.A	1	-2	0.244636	0.733909	0.489273	7	GTCTGTGGTTTG	GGGTGGG	-
RUNX3_MOUSE.H11MO.0.A	2	-2	0.158262	0.474785	0.414437	7	GGCTGTGGTTTG	CTTTGTT	+
RUNX3_MOUSE.H11MO.0.A	1	-2	0.207218	0.621655	0.414437	7	GGCTGTGGTTTG	GGGTGGG	-
RUNX3_MOUSE.H11MO.0.A	3	-2	0.207218	0.621655	0.414437	7	GGCTGTGGTTTG	GGGTGGG	-
SALL1_MOUSE.H11MO.0.D	3	-4	7.05366e-05	0.00021161	0.00042322	7	GGGAGGGTGGGGCAGGG	GGGTGGG	-
SALL1_MOUSE.H11MO.0.D	1	-4	0.000153498	0.000460493	0.000460493	7	GGGAGGGTGGGGCAGGG	GGGTGGG	-
SALL4_MOUSE.H11MO.0.A	3	-3	2.46506e-05	7.39517e-05	0.000147903	7	GGAGGGTGGG	GGGTGGG	-
SALL4_MOUSE.H11MO.0.A	1	-3	6.90284e-05	0.000207085	0.000207085	7	GGAGGGTGGG	GGGTGGG	-
SMAD3_MOUSE.H11MO.0.B	1	-4	0.0582515	0.174754	0.349509	7	CTCTGTCACCTG	CCCACCC	+
SMAD3_MOUSE.H11MO.0.B	3	-4	0.148379	0.445136	0.445136	7	CTCTGTCACCTG	CCCACCC	+
SNAI1_MOUSE.H11MO.0.C	1	-2	0.0202724	0.0608172	0.121634	6	CCAGGTGG	GGGTGGG	-
SNAI1_MOUSE.H11MO.0.C	3	-2	0.041226	0.123678	0.123678	6	CCAGGTGG	GGGTGGG	-
SNAI2_MOUSE.H11MO.0.A	1	-3	0.03904	0.11712	0.23424	7	GGCAGGTGCAT	GGGTGGG	-
SNAI2_MOUSE.H11MO.0.A	3	-3	0.108488	0.325463	0.325463	7	GGCAGGTGCAT	GGGTGGG	-
SOX10_MOUSE.H11MO.0.B	2	-9	7.69855e-06	2.30957e-05	4.61913e-05	7	CAAAGGAGGCATTGTT	CTTTGTT	+
SOX10_MOUSE.H11MO.1.A	2	-2	0.000131688	0.000395064	0.000790128	7	GCCTTTGTTCT	CTTTGTT	+
SOX13_MOUSE.H11MO.0.D	2	0	3.29102e-05	9.87306e-05	0.000197461	7	CATTGTTC	CTTTGTT	+
SOX15_MOUSE.H11MO.0.D	2	0	5.36493e-06	1.60948e-05	3.21896e-05	7	CATTGTT	CTTTGTT	+
SOX17_MOUSE.H11MO.0.D	2	-2	0.00167844	0.00503531	0.0100706	7	GCCATTGTTTT	CTTTGTT	+
SOX18_MOUSE.H11MO.0.D	2	-5	1.54383e-05	4.6315e-05	9.26301e-05	7	GAACCCATTGTTCTTTTCC	CTTTGTT	+
SOX2_MOUSE.H11MO.0.A	2	-2	6.40402e-05	0.000192121	0.000384241	7	TCCTTTGTTATGCAAA	CTTTGTT	+
SOX2_MOUSE.H11MO.1.A	2	-3	5.72779e-07	1.71834e-06	3.43667e-06	7	TTCCTTTGTTCTG	CTTTGTT	+
SOX3_MOUSE.H11MO.0.C	2	-2	5.29184e-05	0.000158755	0.000317511	7	GCCTTTGTTCC	CTTTGTT	+
SOX4_MOUSE.H11MO.0.A	2	-2	6.8081e-05	0.000204243	0.000408486	7	TCCTTTGTTCTC	CTTTGTT	+
SOX5_MOUSE.H11MO.0.C	2	0	6.2497e-05	0.000187491	0.000374982	7	TATTGTTA	CTTTGTT	+
SOX9_MOUSE.H11MO.0.A	2	-8	8.23781e-07	2.47134e-06	4.94269e-06	7	AAAGGGGCCTTTGTTC	CTTTGTT	+
SOX9_MOUSE.H11MO.1.A	2	-1	3.31618e-05	9.94855e-05	0.000198971	7	CCTTTGTTCTC	CTTTGTT	+
SP1_MOUSE.H11MO.0.A	3	-11	0.00926157	0.0277847	0.034075	7	GGGGGGGGAGGGGGCGGGGCCGGG	GGGTGGG	-
SP1_MOUSE.H11MO.0.A	1	-11	0.0113583	0.034075	0.034075	7	GGGGGGGGAGGGGGCGGGGCCGGG	GGGTGGG	-
SP1_MOUSE.H11MO.1.A	3	-2	0.00241031	0.00723093	0.00871233	7	GGGGGCGGGGC	GGGTGGG	-
SP1_MOUSE.H11MO.1.A	1	-2	0.00290411	0.00871233	0.00871233	7	GGGGGCGGGGC	GGGTGGG	-
SP2_MOUSE.H11MO.0.B	3	-7	0.00958364	0.0287509	0.0553084	7	GGGGGGGGGGCGGGGCCGGGGG	GGGTGGG	-
SP2_MOUSE.H11MO.0.B	1	-7	0.0184361	0.0553084	0.0553084	7	GGGGGGGGGGCGGGGCCGGGGG	GGGTGGG	-
SP2_MOUSE.H11MO.1.C	3	-3	0.00990758	0.0297227	0.0316938	7	AGGGGGCGGGGC	GGGTGGG	-
SP2_MOUSE.H11MO.1.C	1	-3	0.0105646	0.0316938	0.0316938	7	AGGGGGCGGGGC	GGGTGGG	-
SP3_MOUSE.H11MO.0.B	3	-6	0.00132862	0.00398586	0.00551941	7	GGGGGGGGGCGGGGCCGGGG	GGGTGGG	-
SP3_MOUSE.H11MO.0.B	1	-6	0.0018398	0.00551941	0.00551941	7	GGGGGGGGGCGGGGCCGGGG	GGGTGGG	-
SP4_MOUSE.H11MO.0.B	3	-7	0.0137816	0.0413448	0.0501553	7	GGGAAGGGGGCGGGGCCGGG	GGGTGGG	-
SP4_MOUSE.H11MO.0.B	1	-7	0.0167184	0.0501553	0.0501553	7	GGGAAGGGGGCGGGGCCGGG	GGGTGGG	-
SP4_MOUSE.H11MO.1.B	1	-5	0.00197846	0.00593538	0.011002	7	GGAGGGGGCGGGGCCG	GGGTGGG	-
SP4_MOUSE.H11MO.1.B	3	-5	0.00366734	0.011002	0.011002	7	GGAGGGGGCGGGGCCG	GGGTGGG	-
SP5_MOUSE.H11MO.0.C	1	-16	0.00825262	0.0247579	0.0247579	7	GGGGGGGAGGGGGAGGGGGAGGAG	GGGTGGG	-
SP5_MOUSE.H11MO.0.C	3	-16	0.00825262	0.0247579	0.0247579	7	GGGGGGGAGGGGGAGGGGGAGGAG	GGGTGGG	-
SP5_MOUSE.H11MO.1.C	1	-5	0.00700789	0.0210237	0.0210237	7	GGAGGGGGAGGAG	GGGTGGG	-
SP5_MOUSE.H11MO.1.C	3	-5	0.00700789	0.0210237	0.0210237	7	GGAGGGGGAGGAG	GGGTGGG	-
SPI1_MOUSE.H11MO.0.A	1	-7	0.152236	0.456709	0.47672	7	AAAAAGAGGAAGTGA	GGGTGGG	-
SPI1_MOUSE.H11MO.0.A	3	-7	0.158907	0.47672	0.47672	7	AAAAAGAGGAAGTGA	GGGTGGG	-
SPIB_MOUSE.H11MO.0.A	1	-6	0.134887	0.40466	0.460204	7	AAAAGAGGAAGTGAAAC	GGGTGGG	-
SPIB_MOUSE.H11MO.0.A	3	-6	0.153401	0.460204	0.460204	7	AAAAGAGGAAGTGAAAC	GGGTGGG	-
SRBP1_MOUSE.H11MO.0.B	1	-4	0.00959758	0.0287927	0.0575855	7	GGTGGGGTGAG	GGGTGGG	-
SRBP1_MOUSE.H11MO.0.B	3	-4	0.0320804	0.0962413	0.0962413	7	GGTGGGGTGAG	GGGTGGG	-
SRBP2_MOUSE.H11MO.0.B	3	0	0.0373925	0.112177	0.173805	7	GGGTGGGGTGAGG	GGGTGGG	-
SRBP2_MOUSE.H11MO.0.B	1	-3	0.0579349	0.173805	0.173805	7	GGGTGGGGTGAGG	GGGTGGG	-
SRY_MOUSE.H11MO.0.B	2	0	6.84578e-06	2.05373e-05	4.10747e-05	7	TTTTGTTTT	CTTTGTT	+
SUH_MOUSE.H11MO.0.A	3	0	0.0647425	0.194227	0.388455	7	GCGTGGGAAAA	GGGTGGG	-
TBP_MOUSE.H11MO.0.A	2	-2	0.0281324	0.0843972	0.168794	7	CTATAAAAGG	AACAAAG	-
TBX21_MOUSE.H11MO.0.A	1	-2	0.00571601	0.017148	0.0342961	7	GGAGGTGTGAGA	GGGTGGG	-
TBX21_MOUSE.H11MO.0.A	3	-2	0.0115187	0.034556	0.034556	7	GGAGGTGTGAGA	GGGTGGG	-
TBX2_MOUSE.H11MO.0.D	1	-9	0.00806584	0.0241975	0.0352924	7	TGCCATCAGAGGTGTGAAAAGCGAC	GGGTGGG	-
TBX2_MOUSE.H11MO.0.D	3	-9	0.0117641	0.0352924	0.0352924	7	TGCCATCAGAGGTGTGAAAAGCGAC	GGGTGGG	-
TBX3_MOUSE.H11MO.0.B	1	-1	0.00554626	0.0166388	0.0332775	7	AAGGTGCTA	GGGTGGG	-
TBX3_MOUSE.H11MO.0.B	3	-1	0.0188732	0.0566196	0.0566196	7	AAGGTGCTA	GGGTGGG	-
TBX5_MOUSE.H11MO.0.D	1	0	0.00370311	0.0111093	0.0222187	7	AGGTGTGA	GGGTGGG	-
TBX5_MOUSE.H11MO.0.D	3	0	0.0217411	0.0652233	0.0652233	7	AGGTGTGA	GGGTGGG	-
TCF7_MOUSE.H11MO.0.A	2	-4	0.000456567	0.0013697	0.0027394	7	AAAGATCAAAGGAAAC	AACAAAG	-
TF7L1_MOUSE.H11MO.0.A	2	-2	0.00626283	0.0187885	0.037577	7	GCCTTTGATGT	CTTTGTT	+
TF7L2_MOUSE.H11MO.0.A	2	-2	0.00366711	0.0110013	0.0220027	7	CCCTTTGATGTGG	CTTTGTT	+
TFDP1_MOUSE.H11MO.0.D	3	-3	0.0250512	0.0751537	0.150307	7	GGGGGGCGGGAAAA	GGGTGGG	-
TFDP1_MOUSE.H11MO.0.D	1	-3	0.0552218	0.165665	0.165665	7	GGGGGGCGGGAAAA	GGGTGGG	-
WT1_MOUSE.H11MO.0.B	1	-6	0.00900974	0.0270292	0.0540584	7	GGGCGGGGGAGGAGGGGGGG	GGGTGGG	-
WT1_MOUSE.H11MO.0.B	3	-6	0.0196279	0.0588836	0.0588836	7	GGGCGGGGGAGGAGGGGGGG	GGGTGGG	-
WT1_MOUSE.H11MO.1.A	1	-2	0.00503317	0.0150995	0.030199	7	GTGGGAGGAGG	GGGTGGG	-
WT1_MOUSE.H11MO.1.A	3	-2	0.0130466	0.0391397	0.0391397	7	GTGGGAGGAGG	GGGTGGG	-
ZBT17_MOUSE.H11MO.0.A	3	-8	0.00403975	0.0121192	0.0242385	7	GGGGGTGGGGGAGGGGCGG	GGGTGGG	-
ZBT17_MOUSE.H11MO.0.A	1	-8	0.00895338	0.0268601	0.0268601	7	GGGGGTGGGGGAGGGGCGG	GGGTGGG	-
ZBT7A_MOUSE.H11MO.0.B	1	-2	0.0508723	0.152617	0.247651	7	GGGGGTCTC	GGGTGGG	-
ZBT7A_MOUSE.H11MO.0.B	3	-2	0.0825503	0.247651	0.247651	7	GGGGGTCTC	GGGTGGG	-
ZEB1_MOUSE.H11MO.0.B	1	-3	0.0109301	0.0327903	0.0655806	7	GACAGGTGAG	GGGTGGG	-
ZEB1_MOUSE.H11MO.0.B	3	-3	0.0321948	0.0965843	0.0965843	7	GACAGGTGAG	GGGTGGG	-
ZFHX3_MOUSE.H11MO.0.D	2	-3	0.063195	0.189585	0.37917	7	ATTAATAATTA	CTTTGTT	+
ZIC1_MOUSE.H11MO.0.B	3	-1	0.00070019	0.00210057	0.00420114	7	GGGGTGGTC	GGGTGGG	-
ZIC1_MOUSE.H11MO.0.B	1	-1	0.00196849	0.00590545	0.00590545	7	GGGGTGGTC	GGGTGGG	-
ZN148_MOUSE.H11MO.0.D	3	-7	0.00278601	0.00835804	0.0167161	7	GGGGTGGGGGAGGGG	GGGTGGG	-
ZN148_MOUSE.H11MO.0.D	1	-7	0.009028	0.027084	0.027084	7	GGGGTGGGGGAGGGG	GGGTGGG	-
ZN281_MOUSE.H11MO.0.A	3	-7	0.00368879	0.0110664	0.0221327	7	GGGGTGGGGGAGGGG	GGGTGGG	-
ZN281_MOUSE.H11MO.0.A	1	-7	0.0186106	0.0558318	0.0558318	7	GGGGTGGGGGAGGGG	GGGTGGG	-
ZN423_MOUSE.H11MO.0.D	3	-9	0.0505768	0.15173	0.107868	6	GGCACCCAAGGGTGC	GGGTGGG	-
ZN423_MOUSE.H11MO.0.D	1	0	0.0560677	0.168203	0.107868	7	GGCACCCAAGGGTGC	CCCACCC	+

# Tomtom (Motif Comparison Tool): Version 5.4.1 compiled on Feb 25 2022 at 10:50:30
# The format of this file is described at https://meme-suite.org/meme/doc/tomtom-output-format.html.
# tomtom ./motif_databases/MOUSE/HOCOMOCOv11_full_MOUSE_mono_meme_format.meme ./memechip_out/combined.meme
